,simanchal10,war.and.peas,shencomix,hikaru_etanaru
followers,486,1M,2M,"2,691"
followings,725,668,106,"6,510"
posts,49,866,741,"1,641"
name,Simanchal,War,Shen,ACID
post_1_caption,"Human growth hormone deficiency couldn't stop him and people thought four defenders can!
‚ù§Ô∏èüêê","Happy #InternationalCatDay üêà‚Äç‚¨õ

Get this comic as a Signed Art Print or Tote Bag via the LINK IN BIO",,"Sandy beaches 
....without sand.
.
.
.
.
.
.
.
.
#adhd #photography #travelphotography #streetphotographyindia #photographylovers #photographyislifee #streetphotography #wildlifephotography #photographyart #nightphotography #architecturephotography #mobilephotography #foodphotography #filmphotography #indianphotography #canonphotography #aviationphotography #naturephotography #astrophotography #pyromaniac #portraitphotography #bookphotography #underwaterphotography #landscapephotography #photographyislife #photographyeveryday #photographylife #photographylover ."
post_1_dateCreated,2022-12-18T11:44:58-08:00,2023-08-08T07:57:26-07:00,2023-08-08T06:04:44-07:00,2023-06-21T08:58:59-07:00
post_1_dateModified,2023-04-05T02:02:38-07:00,2023-08-08T07:58:30-07:00,2023-08-08T06:06:34-07:00,2023-06-21T09:03:41-07:00
post_1_commentCount,2,79,294,0
post_1_postUrl,https://www.instagram.com/p/CmUk0JjjZOH/,https://www.instagram.com/p/CvsBIKEN0aw/,https://www.instagram.com/p/Cvr0OqDgwFK/,https://www.instagram.com/p/CtwiA-1MWN2/
post_1_likeActions,119,37041,149862,19
post_1_commentActions,2,79,294,0
post_1_imgUrl,https://scontent.cdninstagram.com/v/t51.29350-15/320478735_509455907937445_6482199612509168072_n.webp?stp=dst-jpg_s640x640&_nc_cat=106&ccb=1-7&_nc_sid=c4dd86&_nc_ohc=Q6bDjM7c378AX8NMPZ2&_nc_ht=scontent.cdninstagram.com&oh=00_AfCnYBr-7ZJuIrTDjrRuU_Fc2HwJ6NsMmmseq4yla4Y_Tw&oe=64D932DA,https://scontent.cdninstagram.com/v/t51.29350-15/365509575_264028629720197_2136525064410900126_n.jpg?stp=dst-jpg_s640x640&_nc_cat=1&ccb=1-7&_nc_sid=8ae9d6&_nc_ohc=Pz3YI_ok_FMAX8APhJa&_nc_ht=scontent.cdninstagram.com&oh=00_AfAM--fViabRP8rHhoTk_wcnA0zrf1x941qQX-8CJboNqA&oe=64D7CA29,https://scontent.cdninstagram.com/v/t51.29350-15/366138291_961196525183400_7076048161833156644_n.jpg?stp=dst-jpg_s640x640&_nc_cat=1&ccb=1-7&_nc_sid=8ae9d6&_nc_ohc=5uxkZv71O68AX_1_8F0&_nc_ht=scontent.cdninstagram.com&oh=00_AfAcKBQ8ktqyWyvTqpruIUxc9rOJHNoBt9lKaza-t8g8XQ&oe=64D91530,https://scontent.cdninstagram.com/v/t51.29350-15/355422625_254454147278951_1058183119160243470_n.webp?stp=dst-jpg_s640x640&_nc_cat=111&ccb=1-7&_nc_sid=8ae9d6&_nc_ohc=sPLsXE9KnhUAX98XpG0&_nc_ht=scontent.cdninstagram.com&oh=00_AfCDT9-UPxHzwzfL2cCpxX5kPxNVxyY7TQBxDjq3G5S-7w&oe=64D7E7C0
post_2_caption,"Someday,these will be the good old days.","Hold it üê∏

Thanks for reading! If you want to support ùîöùîûùîØ ùîûùî´ùî° ùîìùî¢ùîûùî∞ please consider becoming a patron: LINK IN BIO",,"Sandy beaches .
.
.
.
.
.
.
.
.
#adhd #photography #travelphotography #streetphotographyindia #photographylovers #photographyislifee #streetphotography #wildlifephotography #photographyart #nightphotography #architecturephotography #mobilephotography #foodphotography #filmphotography #indianphotography #canonphotography #aviationphotography #naturephotography #astrophotography #pyromaniac #portraitphotography #bookphotography #underwaterphotography #landscapephotography #photographyislife #photographyeveryday #photographylife #photographylover ."
post_2_dateCreated,2021-03-07T10:47:26-08:00,2023-08-06T12:20:09-07:00,2023-08-07T11:04:19-07:00,2023-06-21T08:32:29-07:00
post_2_dateModified,2021-03-07T10:47:27-08:00,2023-08-07T17:29:29-07:00,2023-08-07T11:08:26-07:00,2023-06-21T09:02:53-07:00
post_2_commentCount,7,149,468,0
post_2_postUrl,https://www.instagram.com/p/CMIMvLNJWIC/,https://www.instagram.com/p/CvnVmlnNxu3/,https://www.instagram.com/p/Cvpxt-ogVft/,https://www.instagram.com/p/Ctwe-4DsZYV/
post_2_likeActions,161,67896,73038,16
post_2_commentActions,7,149,468,0
post_2_imgUrl,https://scontent.cdninstagram.com/v/t51.29350-15/157742592_806285979959860_1681173615348487289_n.jpg?stp=dst-jpg_s640x640&_nc_cat=103&ccb=1-7&_nc_sid=c4dd86&_nc_ohc=np6-aauwaLEAX90s-9C&_nc_ht=scontent.cdninstagram.com&oh=00_AfDcue3U6imiBj3H4wpfqXal0-Rgk2GNSOrxi3dWz6FZig&oe=64D82BA6,https://scontent.cdninstagram.com/v/t51.29350-15/365735413_293075783306637_1781626314033175193_n.jpg?stp=dst-jpg_s640x640&_nc_cat=111&ccb=1-7&_nc_sid=8ae9d6&_nc_ohc=PYulZ3lAX9kAX-Ig4aV&_nc_ht=scontent.cdninstagram.com&oh=00_AfCNrl_qK4lc6C9XH4otJ2STJU5DGb60eYp_dgha7LI-sg&oe=64D830C8,https://scontent.cdninstagram.com/v/t51.29350-15/365470714_624382713116530_3854979407624423894_n.jpg?stp=dst-jpg_s640x640&_nc_cat=111&ccb=1-7&_nc_sid=8ae9d6&_nc_ohc=FeHK9pR9UMkAX_2I_7y&_nc_ht=scontent.cdninstagram.com&oh=00_AfAr83meocAtaqrjfDs3S0QYQzS0lelnd1de37zojeHr1w&oe=64D7DA78,https://scontent.cdninstagram.com/v/t51.29350-15/355105238_809425083747697_7621140452761236554_n.webp?stp=dst-jpg_s640x640&_nc_cat=105&ccb=1-7&_nc_sid=8ae9d6&_nc_ohc=3A9Nt6ZvMeYAX90f0aE&_nc_ht=scontent.cdninstagram.com&oh=00_AfAnEAjv1LM2tKDwD2rzIrP9uWeeBU1PJ7wK-5Xxhw7_EA&oe=64D75BBE
post_3_caption,Drunk on something.,"Become a patron and receive a monthly üíåLove Letterüíå delivered to your very doorstep: LINK IN BIO üì´

You also get all the benefits from the other support levels and help us to make comics full-time üèÜ",,"Pretty bugs.
#photographylovers
#instaphotography
#photooftheday
#picoftheday
#photographerlife
#visualsoflife
#photographyislife
#creativephotography
#shootandshare
#photographycommunity"
post_3_dateCreated,2020-09-17T23:40:26-07:00,2023-08-05T07:31:55-07:00,2023-07-22T06:03:57-07:00,2023-06-04T05:13:15-07:00
post_3_dateModified,2023-04-05T02:03:14-07:00,2023-08-05T07:37:30-07:00,2023-07-22T06:05:08-07:00,2023-07-16T07:35:43-07:00
post_3_commentCount,7,0,690,0
post_3_postUrl,https://www.instagram.com/reel/CFRKZvxJycc/,https://www.instagram.com/reel/CvkP0jAtFHq/,https://www.instagram.com/p/CvACoClgjfh/,https://www.instagram.com/p/CtEWqrXM9SD/
post_3_likeActions,73,1260,133198,19
post_3_commentActions,7,0,690,0
post_4_caption,"Laugh and the world laughs with you,
Weep and you weep alone.","üî•üî• This party is getting hotter by the second, and not in a good way üî•üî• 

Time to take some action, or #BarbieAndKen won't be the only ones melting in the heat-tsunami. 

‚ùóSign the emergency appeal in the bio of @rewritingextinction NOW! 
Comic made in collaboration with @war.and.peas @rewritingextinction @veravillamiltreit 

#Heatwaves #ClimateEmergency #Barbie #NoPlanetB #ComicStrip #Comic",,"Old post
Re-touched
.
.
.
.
.
.
.
.
.
.
.
.
.
.
.
.
.
.
#photographylovers
#instaphotography
#photooftheday
#picoftheday
#photographerlife
#visualsoflife
#photographyislife
#creativephotography
#shootandshare
#photographycommunity"
post_4_dateCreated,2020-07-15T13:23:34-07:00,2023-08-04T03:00:16-07:00,2023-07-18T03:44:14-07:00,2023-06-04T05:03:01-07:00
post_4_dateModified,2023-04-15T18:13:26-07:00,2023-08-04T03:02:45-07:00,2023-07-18T03:47:28-07:00,2023-06-09T09:11:12-07:00
post_4_commentCount,42,142,179,0
post_4_postUrl,https://www.instagram.com/p/CCrQ7oeJazY/,https://www.instagram.com/p/CvhL8JLqOhD/,https://www.instagram.com/p/Cu1fdRvrgtu/,https://www.instagram.com/p/CtEVfwmMynB/
post_4_likeActions,175,90908,110262,15
post_4_commentActions,42,142,179,0
post_4_imgUrl,https://scontent.cdninstagram.com/v/t51.29350-15/108225425_2576941139236074_725739589939344570_n.jpg?stp=dst-jpg_s640x640&_nc_cat=107&ccb=1-7&_nc_sid=c4dd86&_nc_ohc=hgT80Th0pjoAX8JItSy&_nc_ht=scontent.cdninstagram.com&oh=00_AfABUj4lUcOkzOl4AZ9lfxKsXE0IKN0b2JLuVZJQ-HDYoA&oe=64D817BB,https://scontent.cdninstagram.com/v/t51.29350-15/365231036_271163972285012_3185840255391319938_n.jpg?stp=dst-jpg_s640x640&_nc_cat=104&ccb=1-7&_nc_sid=8ae9d6&_nc_ohc=axm7CAKBsJsAX9WnvWq&_nc_ht=scontent.cdninstagram.com&oh=00_AfBYXULWUPsvN7gwxS1wVuQnhUnjLpDVrR30ITwsmax07g&oe=64D883C6,https://scontent.cdninstagram.com/v/t51.29350-15/361119617_1002728290923394_4275249323465528573_n.jpg?stp=dst-jpg_s640x640&_nc_cat=106&ccb=1-7&_nc_sid=8ae9d6&_nc_ohc=cmsSFpaZV_EAX9gtw_X&_nc_ht=scontent.cdninstagram.com&oh=00_AfCGCxi_WAeLJ6pQdg2Y1F9W937oDmsSlStVPYrsC8YmoQ&oe=64D83E4A,https://scontent.cdninstagram.com/v/t51.29350-15/351108228_1426166228146953_5772850550537561429_n.webp?stp=dst-jpg_s640x640&_nc_cat=110&ccb=1-7&_nc_sid=8ae9d6&_nc_ohc=lnt-JELkW7sAX-xFHUs&_nc_ht=scontent.cdninstagram.com&oh=00_AfAWoPn-MgmXtery5HLK9q3BOI_SkzWsCAJ2eAd1Ao5YAA&oe=64D90376
post_5_caption,,"The Lord Loves You üôè

The Lord also loves the Link in Bio",,"Re:touching of a olenposym.
.
.
.
.

.
..
 
.
.
.
.
.
.
.
.
#adhd #photography #travelphotography #streetphotographyindia #photographylovers #photographyislifee #streetphotography #wildlifephotography #photographyart #nightphotography #architecturephotography #mobilephotography #foodphotography #filmphotography #indianphotography #canonphotography #aviationphotography #naturephotography #astrophotography #pyromaniac #portraitphotography #bookphotography #underwaterphotography #landscapephotography #photographyislife #photographyeveryday #photographylife #photographylover ."
post_5_dateCreated,2020-06-01T06:55:23-07:00,2023-08-03T10:11:29-07:00,2023-07-11T19:43:19-07:00,2023-05-31T13:16:16-07:00
post_5_dateModified,2020-06-01T07:19:37-07:00,2023-08-03T10:13:38-07:00,2023-07-11T19:46:10-07:00,2023-07-16T07:35:51-07:00
post_5_commentCount,0,300,656,3
post_5_postUrl,https://www.instagram.com/reel/CA5RiCkJHKW/,https://www.instagram.com/p/CvfYfnENIBe/,https://www.instagram.com/p/CulLpoQgtEu/,https://www.instagram.com/p/Cs66w_kO-zd/
post_5_likeActions,60,76252,130312,21
post_5_commentActions,0,300,656,3
post_6_caption,We miss u too #EksebadhkarEk,"Tell us your password in the comments üëáüëá

Become a supporter on Patreon and receive Exclusive Comics, Love Letters, Downloadable Art and BTS Material: ‚ú®LINK IN BIO‚ú®",,"Street photography vi

.
.
.
.
.
.
.
.
.
.
.
.
.
.
.
#adhd #photography #travelphotography #streetphotographyindia #photographylovers #photographyislifee #streetphotography #wildlifephotography #photographyart #nightphotography #architecturephotography #mobilephotography #foodphotography #filmphotography #indianphotography #canonphotography #aviationphotography #naturephotography #astrophotography #pyromaniac #portraitphotography #bookphotography #underwaterphotography #landscapephotography #photographyislife #photographyeveryday #photographylife #photographylover ."
post_6_dateCreated,2018-05-18T11:54:30-07:00,2023-07-30T08:40:41-07:00,2023-07-05T11:47:49-07:00,2023-05-29T10:40:44-07:00
post_6_dateModified,2019-07-02T22:16:54-07:00,2023-07-30T08:44:27-07:00,2023-07-05T11:51:58-07:00,2023-05-30T18:12:53-07:00
post_6_commentCount,28,115,2181,2
post_6_postUrl,https://www.instagram.com/p/Bi7fi9PFGSs/,https://www.instagram.com/p/CvU67CUtyYJ/,https://www.instagram.com/p/CuU4dxYgrv8/,https://www.instagram.com/p/Cs1fYAcPGOI/
post_6_likeActions,178,62002,196672,29
post_6_commentActions,28,115,2181,2
post_6_imgUrl,https://scontent.cdninstagram.com/v/t51.2885-15/31745617_228527161254503_6876585937631969280_n.jpg?stp=dst-jpg_s640x640&_nc_cat=108&ccb=1-7&_nc_sid=c4dd86&_nc_ohc=Ewe91lETtGMAX-8Y9wB&_nc_ht=scontent.cdninstagram.com&oh=00_AfBLaAbgx8TcyY5_1G69zDW8NwHnLSsksPJ9XUFJUsF_eA&oe=64D78C75,https://scontent.cdninstagram.com/v/t51.29350-15/363839582_824304212812970_1014195298901108291_n.jpg?stp=dst-jpg_s640x640&_nc_cat=105&ccb=1-7&_nc_sid=8ae9d6&_nc_ohc=5hQ1MZFBeLUAX-Xp1d9&_nc_ht=scontent.cdninstagram.com&oh=00_AfAVIjuCAVVQEv_qlfxFVEHw2hDNNDFdmG7Qe-we87Iqsg&oe=64D86E71,https://scontent.cdninstagram.com/v/t51.29350-15/358093311_588527596777404_8661819266496122988_n.jpg?stp=dst-jpg_s640x640&_nc_cat=107&ccb=1-7&_nc_sid=8ae9d6&_nc_ohc=EMYdL5N9rZUAX_MklSE&_nc_ht=scontent.cdninstagram.com&oh=00_AfCZzxgrKnV5_dYUq1MOYWzzdS48QV4lyHV9rg4oV-ncTA&oe=64D7FC1C,https://scontent.cdninstagram.com/v/t51.29350-15/350282684_1663793024099423_4936894784585759886_n.webp?stp=dst-jpg_s640x640&_nc_cat=106&ccb=1-7&_nc_sid=8ae9d6&_nc_ohc=JxHjtDT4nyEAX-uPkeY&_nc_ht=scontent.cdninstagram.com&oh=00_AfCyPna27hhahIKcHnJ3ncDJ90C1mKmp2_kWqquYHwktrg&oe=64D78E75
post_7_caption,Be water!!!,"Today‚Äôs the International Day of Friendship! Cherish your friends.

Become our friend and support us via Patreon. Link in Bio!",,"Street photography vi

.
.
.
.
.
.
.
.
..
.
.
.
.
.
.
.
#adhd #photography #travelphotography #streetphotographyindia #photographylovers #photographyislifee #streetphotography #wildlifephotography #photographyart #nightphotography #architecturephotography #mobilephotography #foodphotography #filmphotography #indianphotography #canonphotography #aviationphotography #naturephotography #astrophotography #pyromaniac #portraitphotography #bookphotography #underwaterphotography #landscapephotography #photographyislife #photographyeveryday #photographylife #photographylover ."
post_7_dateCreated,2017-12-31T23:56:17-08:00,2023-07-30T07:04:03-07:00,2023-07-02T19:22:03-07:00,2023-05-29T10:39:09-07:00
post_7_dateModified,2023-04-05T02:01:57-07:00,2023-07-30T07:45:07-07:00,2023-07-02T19:23:58-07:00,2023-05-30T18:13:16-07:00
post_7_commentCount,11,118,897,0
post_7_postUrl,https://www.instagram.com/reel/BdZjUKnDabq/,https://www.instagram.com/p/CvUv3PUNymX/,https://www.instagram.com/p/CuN-D-7LlYw/,https://www.instagram.com/p/Cs1fMgUvNad/
post_7_likeActions,90,62281,175616,13
post_7_commentActions,11,118,897,0
post_8_caption,Visca el barca‚ù§Ô∏èüíô,"Dead & Rad üíÄ

Last slide: Us seeing +1 on our Patreon page (Link in Bio)",,"Street photography  v

.
.
.
.
.
.
.
.
.
.
.
.
.
.
.
.
.
#adhd #photography #travelphotography #streetphotographyindia #photographylovers #photographyislifee #streetphotography #wildlifephotography #photographyart #nightphotography #architecturephotography #mobilephotography #foodphotography #filmphotography #indianphotography #canonphotography #aviationphotography #naturephotography #astrophotography #pyromaniac #portraitphotography #bookphotography #underwaterphotography #landscapephotography #photographyislife #photographyeveryday #photographylife #photographylover ."
post_8_dateCreated,2017-12-24T00:37:51-08:00,2023-07-27T08:10:48-07:00,2023-06-29T11:22:10-07:00,2023-05-29T10:37:43-07:00
post_8_dateModified,2022-11-08T05:48:47-08:00,2023-07-27T08:23:51-07:00,2023-06-29T11:24:47-07:00,2023-07-16T07:38:51-07:00
post_8_commentCount,5,128,884,0
post_8_postUrl,https://www.instagram.com/p/BdFBtjlDdVw/,https://www.instagram.com/p/CvNJHhOt8rS/,https://www.instagram.com/p/CuFYwnLApIb/,https://www.instagram.com/p/Cs1fB-xPAfv/
post_8_likeActions,144,78710,216377,13
post_8_commentActions,5,128,884,0
post_8_imgUrl,https://scontent.cdninstagram.com/v/t51.2885-15/25021453_140557043319515_7038763945678602240_n.jpg?stp=dst-jpg_s640x640&_nc_cat=100&ccb=1-7&_nc_sid=c4dd86&_nc_ohc=sH4G-s1ZfP8AX9BKMr3&_nc_ht=scontent.cdninstagram.com&oh=00_AfCIB1hCYucFr1U0_bzis5uJfIHUAh_4d2SaT2w8P24iTg&oe=64D86CF3,https://scontent.cdninstagram.com/v/t51.29350-15/363327095_1545488525985967_7359899324027998916_n.jpg?stp=dst-jpg_s640x640&_nc_cat=107&ccb=1-7&_nc_sid=8ae9d6&_nc_ohc=BgEXa3yvbbMAX9trQZf&_nc_ht=scontent.cdninstagram.com&oh=00_AfA-OScjYmHYKVB2MBz4yTyvDwiHscGD5dZi4WN1tzNF4g&oe=64D91040,https://scontent.cdninstagram.com/v/t51.29350-15/356942814_1226236134585459_1293705444884380754_n.jpg?stp=dst-jpg_s640x640&_nc_cat=103&ccb=1-7&_nc_sid=8ae9d6&_nc_ohc=kPNkUbYLBdgAX-Ldvae&_nc_ht=scontent.cdninstagram.com&oh=00_AfClBB4dW-PcxcejAOPgt_7d-TLFeqEteIIEIxdO0kTaag&oe=64D84BEA,https://scontent.cdninstagram.com/v/t51.29350-15/350432086_189760864019792_6205839367215722920_n.webp?stp=dst-jpg_s640x640&_nc_cat=108&ccb=1-7&_nc_sid=8ae9d6&_nc_ohc=87HS0T8sd1EAX9OYQa0&_nc_ht=scontent.cdninstagram.com&oh=00_AfC0GrsTuKbdFyOTkiOjh-BfCEf-ITSg3iZMFkGPqu8cZQ&oe=64D92C65
post_9_caption,"Always Smile.

PC- @atharva._.patankar  chakka","Delicious Greek üßõ

We‚Äôve been making WAPS for over a decade now. In this era, we‚Äôve created tons of characters and hundreds of strips.
Nevertheless, we rely on the help of the community. If you can afford it, please support us on Patreon so we can continue to publish comics for free.",,"Street photography 

.
.
.
.
.
.
.
.
.

#photographylovers

#instaphotography

#photooftheday

#picoftheday

#photographerlife

#visualsoflife

#photographyislife

#creativephotography

#shootandshare

#photographycommunity"
post_9_dateCreated,2017-10-23T04:39:08-07:00,2023-07-23T08:17:41-07:00,2023-06-28T10:45:37-07:00,2023-05-29T10:36:24-07:00
post_9_dateModified,2023-04-05T02:02:49-07:00,2023-07-23T08:22:12-07:00,2023-06-28T10:48:56-07:00,2023-05-30T09:10:36-07:00
post_9_commentCount,23,67,322,0
post_9_postUrl,https://www.instagram.com/p/BaltLDJja-9/,https://www.instagram.com/p/CvC2uZqN30p/,https://www.instagram.com/p/CuCvyEdAi4L/,https://www.instagram.com/p/Cs1e4T0vbCC/
post_9_likeActions,144,36427,107842,11
post_9_commentActions,23,67,322,0
post_9_imgUrl,https://scontent.cdninstagram.com/v/t51.2885-15/22639110_128095754482728_1118408556165464064_n.jpg?stp=dst-jpg_s640x640&_nc_cat=110&ccb=1-7&_nc_sid=c4dd86&_nc_ohc=H_QIRxlxPtIAX--kWId&_nc_ht=scontent.cdninstagram.com&oh=00_AfAJ80sE9WH_vsYAxN3GvCubRusQtm0Ekv5tm8q6PdHWrw&oe=64D80555,https://scontent.cdninstagram.com/v/t51.29350-15/362323435_683979330265561_2440957994437120266_n.jpg?stp=dst-jpg_s640x640&_nc_cat=100&ccb=1-7&_nc_sid=8ae9d6&_nc_ohc=xZM3AzT52jAAX97Ys1s&_nc_ht=scontent.cdninstagram.com&oh=00_AfApWdGqinsiTR7ylk7pkzLYS30OHXpP4n8GmbJYvVj7gQ&oe=64D87CDD,https://scontent.cdninstagram.com/v/t51.29350-15/356244120_804506971407918_8506804668347583052_n.jpg?stp=dst-jpg_s640x640&_nc_cat=106&ccb=1-7&_nc_sid=8ae9d6&_nc_ohc=RJF3-k4ypV0AX9-5LTa&_nc_ht=scontent.cdninstagram.com&oh=00_AfBfwdduREyjuJTxlTFxKwo4Vh89DURRHGl1F0LCMr5jhA&oe=64D7E257,https://scontent.cdninstagram.com/v/t51.29350-15/350573575_560038096201674_1062063876251898646_n.webp?stp=dst-jpg_s640x640&_nc_cat=104&ccb=1-7&_nc_sid=8ae9d6&_nc_ohc=hhhCIMjnSuQAX8kyzzf&_nc_ht=scontent.cdninstagram.com&oh=00_AfDmGrU_ctlwU1GToxpiWUXiIQtWI4BxSbXOWJdZ6D8eUQ&oe=64D75DCB
post_2_contentLocation,,Area 51,,
post_5_imgUrl,,https://scontent.cdninstagram.com/v/t51.29350-15/364940336_2414556435384112_4167580264214138922_n.jpg?stp=dst-jpg_s640x640&_nc_cat=100&ccb=1-7&_nc_sid=8ae9d6&_nc_ohc=JyKkDrbcY7EAX8meVmy&_nc_ht=scontent.cdninstagram.com&oh=00_AfD0Fa7zuQMrJVpGTC9nkUAMlh4fAUX4TmTyDr4mEE2nXw&oe=64D7D6CB,https://scontent.cdninstagram.com/v/t51.29350-15/359799743_236814155953763_757933905531647669_n.jpg?stp=dst-jpg_s640x640&_nc_cat=101&ccb=1-7&_nc_sid=8ae9d6&_nc_ohc=rLuCgZmDXd4AX8IpNB2&_nc_ht=scontent.cdninstagram.com&oh=00_AfAADflbDcs9jGNFahDSaVX0dAnopYxOcybg3Td6-BxkOQ&oe=64D7A141,https://scontent.cdninstagram.com/v/t51.29350-15/350578029_203818418758526_2614085634013347658_n.webp?stp=dst-jpg_s640x640&_nc_cat=104&ccb=1-7&_nc_sid=8ae9d6&_nc_ohc=-hFjo-3HrS8AX9w2JQJ&_nc_ht=scontent.cdninstagram.com&oh=00_AfBwt91iWWHfeK9ayLACgpzoPqYDtUq_xje4Rd23wwvFVg&oe=64D7ACAD
post_7_imgUrl,,https://scontent.cdninstagram.com/v/t51.29350-15/363832508_317195167321421_2571209974667500771_n.jpg?stp=dst-jpg_s640x640&_nc_cat=105&ccb=1-7&_nc_sid=8ae9d6&_nc_ohc=17xvc-DjVX4AX_ivaKy&_nc_ht=scontent.cdninstagram.com&oh=00_AfCk-R9tGa6KFydjQZCtkrnLLfQ-BB3eajeMTqyUcvdIAA&oe=64D8F906,https://scontent.cdninstagram.com/v/t51.29350-15/357296101_581966797445252_3362296460985452763_n.jpg?stp=dst-jpg_s640x640&_nc_cat=111&ccb=1-7&_nc_sid=8ae9d6&_nc_ohc=fc5tMyEMuYwAX_TXsi0&_nc_ht=scontent.cdninstagram.com&oh=00_AfBi8r87vAoeVdge-mY5FZCm7u9mVCdBYN3_NrXMRh2-AQ&oe=64D74389,https://scontent.cdninstagram.com/v/t51.29350-15/349567215_792145978971079_5307671937334666647_n.webp?stp=dst-jpg_s640x640&_nc_cat=100&ccb=1-7&_nc_sid=8ae9d6&_nc_ohc=tYHljcePpIgAX8VPQwL&_nc_ht=scontent.cdninstagram.com&oh=00_AfCrZfL0qMvX7cMchGYjRvJhJXqxDwwVLDyw4wTdxzWzzw&oe=64D7C5BF
post_9_contentLocation,,"Athens, Georgia",,
post_3_imgUrl,,,https://scontent.cdninstagram.com/v/t51.29350-15/361941658_755985449868999_6343901517280494877_n.jpg?stp=dst-jpg_s640x640&_nc_cat=103&ccb=1-7&_nc_sid=8ae9d6&_nc_ohc=bnU47t9hjpwAX8dMMRh&_nc_ht=scontent.cdninstagram.com&oh=00_AfBhUH0XRge1uWyOQHq63AcMzA5lwWaEOGStd8sapH28pw&oe=64D7D27C,https://scontent.cdninstagram.com/v/t51.29350-15/350879140_1349361679127309_7573073630243707333_n.webp?stp=dst-jpg_s640x640&_nc_cat=102&ccb=1-7&_nc_sid=8ae9d6&_nc_ohc=1ClAsWTSJOgAX9S-B-C&_nc_ht=scontent.cdninstagram.com&oh=00_AfBzYuiiUzFhj4vvMj7ey-On_KBB8GBZ4JsmmUKJlo-kqw&oe=64D8DB76
